public_key_x,public_key_y
98845444375641216460706859347334922536111037515259611013843900769753564871351,58379348801522452023049290915692528149504865808127526627829403269839836946651
23096316900164503894813720956195086352023760471784721175271805240161318862987,88254048007210312460545643140566892068917666438044517077883417392141120367162
100452483730379624995071569574729846519635203045524093372863722864128046799914,4873339332404081060231060928424390260268249240260999827236542011155557456977
95255754657740313062701227115238530038842110797141391590297003296228739324525,38056056796502765115641033471649190324589152818142973731157412230254463391740
90252152618449079334746553098596902547530211647043922043240085723447303626802,39665583874497720785277040753983856350448820066378160968030841019447119607098
5211727184574883942377689137047042898386677859207267414042876919974518330223,30812277265168868060069673995264603162216158007596730904167402852439988834538
32543930509816853332622461741895391452069490041180372554223009323977839471196,20204117003831352183607980549220364694127757738115260933206304279679187615858
8091194013191534348114731716167763977090029625432092312263240011703326084078,25185589728442132874769007443236057886554743517977839964020650039974982333406
102691884858336671051886551558888010757984224796761691125527320316682149481367,24922432740423313074087481974058721169153013260145372440745790948672674532788
26535106113210262598353502493507628102031547830375230179971706663502788301274,23041486965109460561267817580441561895775844065139743414841317184218832868384
35333826284481270344446588047037158977811991717802530779545906532234212182759,82777515666177181550129093690150298561655175478578861986436618159345772807540
91848477579650904915562265691984230912785020980889177416935445195733404794074,89658049287699437846645808665008744696865529592510016083652819179923257058120
38652267483615530145597145683205898140247395284527883769743450893799361449157,45005119591607637991001206877198012897099836215825927700017360021502418518164
81453368389193016211997445206516682423776664511090059026543721280755065236995,88470502764226864953796922131047476923119752350142469855322252686051631585015
64651140761549709911626128706231237539764625924346505084344739728859119673897,18681924176169970952865599851062953462303014575499991695045155682817483087698
11169960093535471697690327693029011555002353926921908880818263069962836740490,62690858945554812601672204617856959345154120663556855202847529571897958432280
16035057955203240514206815132917665030428268030464338973991502019148527143856,100433251070060763466117150771560549169544525178655524568089297400660511721559
11968082951652879352257061652791505197982894535747316489346739181599898366966,83853624806952840225918017273887672882030488513792448373307123606296840756969
45746796954365057614324685091750715010855738626808114906869421046425947128488,17526269368123697070127897916744440064374867370351180150853469882520985273096
32102267419363523824482281831074547738767062498609830954977057098974436182159,42658429363164931507321681243684062643496712578848991214637212248093482867430
